DATE,AED,AFN,ALL,AMD,ANG,AOA,ARS,AUD,AWG,AZN,BAM,BBD,BDT,BGN,BHD,BIF,BMD,BND,BOB,BRL,BSD,BTN,BWP,BYR,BZD,CAD,CDF,CHF,CLP,CNY,COP,CRC,CUC,CUP,CVE,CZK,DJF,DKK,DOP,DZD,EEK,EGP,ERN,ETB,EUR,FJD,FKP,GBP,GEL,GHS,GIP,GMD,GNF,GTQ,GYD,HKD,HNL,HRK,HTG,HUF,IDR,ILS,INR,IQD,IRR,ISK,JMD,JOD,JPY,KES,KGS,KHR,KMF,KPW,KRW,KWD,KYD,KZT,LAK,LBP,LKR,LRD,LSL,LTL,LVL,LYD,MAD,MDL,MGA,MKD,MMK,MNT,MOP,MRO,MUR,MVR,MWK,MXN,MYR,MZN,NAD,NGN,NIO,NOK,NPR,NZD,OMR,PAB,PEN,PGK,PHP,PKR,PLN,PYG,QAR,RON,RSD,RUB,RWF,SAR,SBD,SCR,SDG,SEK,SGD,SHP,SLL,SOS,SRD,STD,SVC,SYP,SZL,THB,TJS,TMT,TND,TOP,TRL,TRY,TTD,TWD,TZS,UAH,UGX,USD,UYU,UZS,VEF,VES,VND,VUV,WST,XAF,XCD,XDR,XOF,XPF,YER,ZAR,ZMK
1957,,,,,,,,0.5990271583333333,,,,,,,,,,,,3.3033525e-14,,,,,,0.9588333333333333,,4.286308333333334,0.00052131825,2.46181,3.7975,5.615000000000001,,,,,,6.9051199999999975,,,,,,,,,,0.35797269166666673,,,,,,,,,,,,,,0.00018,4.791666666666668,,,0.16283,,,359.83829999999995,,,,,,50,,,,,,,,,,,,,,,,,,,,,,,0.012499999999999999,,,,,,7.14286,,0.7231398250000001,,,,,,,0.00040000000000000013,,,,,,,,,,,5.173035833333333,,,,,,,,,,,,,,,0.0000033799999999999986,,,,,,,1,,,,,,,,,,1,,,,0.7168970833333334
1958,,,,,,,,0.8932988749999998,,,,,,,,,,,,5.5933399999999995e-14,,,,,,0.9707499999999999,,4.286758333333334,0.0007046461666666666,2.46181,6.400000000000001,5.615000000000001,,,,,,6.905080833333332,,,,,,,,,,0.3558868333333333,,,,,,,,,,,,,,0.00018,4.764833333333333,,,0.16283,,,359.83829999999995,,,,,,50,,,,,,,,,,,,,,,,,,,,,,,0.012499999999999999,,,,,,7.14286,,0.7189312999999999,,,,,,,0.00040000000000000013,,,,,,,,,,,5.173817499999999,,,,,,,,,,,,,,,0.0000057279166666666665,,,,,,,1,,,,,,,,,,1,,,,0.7127055833333333
1959,,,,,,,,0.8936447333333332,,,,,,,,,,,,6.5273675e-14,,,,,,0.9591666666666665,,4.321416666666667,0.0009443060833333334,2.46181,6.3999999999999995,5.615000000000001,,,,,,6.892953333333334,,,,,,,,,,0.3560166166666667,,,,,,,,,,,,,,0.00018,4.765833333333333,,,0.16283,,,359.95746666666656,,,,,,50,,,,,,,,,,,,,,,,,,,,,,,0.012499999999999999,,,,,,7.14286,,0.7191897416666665,,,,,,,0.00040000000000000013,,,,,,,,,,,5.175091666666666,,,,,,,,,,,,,,,0.000009014999999999998,,,,,,,1,,,,,,,,,,1,,,,0.7130018333333332
1960,,,,,,,,0.893996425,,,,,,,,,,,,8.099704999999998e-14,,,,,,0.9694999999999999,,4.319325000000001,0.00104897,2.4618089999999997,6.635000000000002,5.615000000000001,,,,,,6.894066666666667,,,,,,,,,,0.35617047499999993,,,,,,,,,,,,,,0.00018,4.761899999999999,,,0.3627466666666668,,,359.9058,,,,,,63.125,,,,,,,,,,,,,,,,,,,,,,,0.012499999999999999,,,,,,7.133697500000001,,0.7194993083333334,,,,,,,0.00040000000000000013,,,,,,,,,,,5.168393333333334,,,,,,,,,,,,,,,0.000009017083333333335,,,,,,,1,,,,,,,,,,1,,,,0.7142859999999999
1961,,,,,,,,0.8956722083333332,,,,,,,,,,,,1.1684349750000001e-13,,,,,,1.0130833333333331,,4.319516666666667,0.0010501366666666667,2.4618089999999997,6.700000000000002,5.951666666666668,,,,,,6.907639166666667,,,,,,,,,,0.35685655833333335,,,,,,,,,,,,,,0.00018,4.761899999999999,,,0.40166666666666667,,,361.14580000000007,,,,,,124.79166666666667,,,,,,,,,,,,,,,,,,,,,,,0.012499999999999999,,,,,,7.142519999999998,,0.7208408666666667,,,,,,,0.00040000000000000013,,,,,,,,,,,5.1673608333333325,,,,,,,,,,,,,,,0.000009020000000000002,,,,,,,1,,,,,,,,,,1,,,,0.7142859999999999
1962,,,,,,,,0.8921967500000001,,,,,,,,,,,,1.6776418333333333e-13,,,,,,1.06891,,4.324425,0.0010576366666666664,2.4618089999999997,6.901208333333334,6.625,,,,,,6.901383333333332,,,,,,,,,,0.3561508416666666,,,,,,,,,,,,,,0.00028999908333333333,4.761899999999999,,,0.43060000000000004,,,360.8182999999999,,,,,,130,,,,,,,,,,,,,,,,,,,,,,,0.012499999999999999,,,,,,7.137688333333333,,0.7196651083333334,,,,,,,0.00040000000000000013,,,,,,,,,,,5.155728333333333,,,,,,,,,,,,,,,0.000009020000000000002,,,,,,,1,,,,,,,,,,1,,,,0.7142859999999999
1963,,,,,,,,0.8906217500000001,,,,,,,,,,,,2.48869375e-13,,,,,,1.0787449999999998,,4.321725,0.0016217858333333335,2.4618089999999997,9,6.625,,,,,,6.904012499999999,,,,,,,,,,0.357108,,,,,,,,,,,,,,0.000299999,4.761899999999999,,,0.43060000000000004,,,361.4741333333333,,,,,,130,,,,,,,,,,,,,,,,,,,,,,,0.012499999999999999,,,,,,7.149544166666666,,0.7214534833333333,,,,,,,0.00040000000000000013,,,,,,,,,,,5.188769166666667,,,,,,,,,,,,,,,0.000009020000000000002,,,,,,,1,,,,,,,,,,1,,,,0.7142859999999999
1964,,,,,,,,0.8954470833333333,,,,,,,,,,,,5.420239083333334e-13,,,,,,1.0787991666666668,,4.319258333333334,0.0023074333333333334,2.4618089999999997,9,6.625,,,,,,6.916083333333333,,,,,,,,,,0.35810047500000003,,,,,,,,,,,,,,0.000299999,4.761899999999999,,,0.43060000000000004,,,361.96913333333333,,,,,,208.75,,,,,,,,,,,,,,,,,,,,,,,0.012499999999999999,,,,,,7.157605,,0.7233917750000001,,,,,,,0.00040000000000000013,,,,,,,,,,,5.151310833333334,,,,,,,,,,,,,,,0.000009039999999999998,,,,,,,1,,,,,,,,,,1,,,,0.7142859999999999
1965,,,,,,,,0.8931585833333336,,,,,,,,,,,,8.216548833333336e-13,,,,,,1.0781525,,4.327749999999999,0.0031566574999999995,2.4618089999999997,10.475,6.625,,,,,,6.915425833333333,,,,,,,,,,0.35762603333333326,,,,,,,,,,,,,,0.000299999,4.761899999999999,,,0.43060000000000004,,,361.4908,,,,,,266.25,,,,,,,,,,,,,,,,,,,,,,,0.012499999999999999,,,,,,7.150649166666668,,0.7222711833333334,,,,,,,0.00040000000000000013,,,,,,,,,,,5.158226666666667,,,,,,,,,,,,,,,0.000009039999999999998,,,,,,,1,,,,,,,,,,1,,,,0.7142859999999999
1966,,,,,,,,0.8985436249999998,,,,,,,,,,,,9.607131000000002e-13,,,,,,1.0775258333333333,,4.3264,0.0038511375000000003,2.4618089999999997,13.5,6.625,,,,,,6.90832,,,,,,,,,,0.3580091916666666,,,,,,,,,,,,,,0.000299999,6.359125,,,0.43060000000000004,,,362.34829999999994,,,,,,271.25,,,,,,,,,,,,,,,,,,,,,,,0.012499999999999999,,,,,,7.150647499999999,,0.7227946666666667,,,,,,,0.00040000000000000013,,,,,,,,,,,5.1896233333333335,,,,,,,,,,,,,,,0.000009039999999999998,,,,,,,1,,,,,,,,,,1,,,,0.7142859999999999
1967,,,,,,,,0.898874975,,,,,,,,,,,,1.1526031749999998e-12,,,,,,1.0788616666666666,,4.328316666666667,0.005068269166666666,2.4618089999999997,14.506391666666666,6.625,,,,,,6.987098333333335,,,,,,,,,,0.36473475833333335,,,,,,,,,,,,,149.58333333333334,0.00030833233333333335,7.5,,,0.442275,,,362.14913333333334,,,,,,270.5,,,,,,,,,,,,,,,,,,,,,,,0.012499999999999999,,,,,,7.150434999999999,,0.7425371166666666,,,,,,,0.00040000000000000013,,,,,,,,,,,5.162123333333334,,,,,,,,,,,,,,,0.000009039999999999998,,,,,,,1,,,,,,,,,,1,,,,0.7142859999999999
1968,,,,,,,,0.8988748166666668,,,,,,,,,,,,1.4695954166666668e-12,,,,,,1.0776491666666665,,4.316325,0.006876465833333334,2.4618089999999997,16.29066666666667,6.625,,,,,,7.484460833333334,,,,,,,,,,0.41776868333333333,,,,,,,,,,,,60,296.2916666666667,0.0003499990000000001,7.5,,,0.6094875000000001,,,360.5533,,,,,,276.75,,,,,,,,,,,,,,,,,,,,,,,0.012499999999999999,,,,,,7.1430299999999995,,0.8979533416666666,,,,,,,0.00040000000000000013,,,,,,,,,,,5.168229166666666,,,,,,,,,,,,,,,0.000009039999999999998,,,,,,,1,,,,,,,,,,1,,,,0.7142859999999999
1969,,,,,,,,0.9000857083333332,,,,,,,,,,,,1.7633628333333334e-12,,,,,,1.0769308333333334,,4.31315,0.008617580833333334,2.4618089999999997,17.320141666666665,6.625,,,,,,7.519198333333333,,,,,,,,,,0.41835136666666667,,,,,,,,,,,,60,326,0.0003499990000000001,7.5,,,0.8810000000000001,,,358.36746666666676,,,,,,288,,,,,,,,,,,,,,,,,,,,,,,0.012499999999999999,,,,,,7.144390833333333,,0.8991752083333334,,,,,,,0.00040000000000000013,,,,,,,,,,,5.170120000000001,,,,,,,,,,,,,,,0.000009039999999999998,,,,,,,1,,,,,,,,,,1,,,,0.7142859999999999
1970,,,,,,,,0.8979573416666667,,,,,,,,,,,,1.987853666666667e-12,,,,,,1.0441574999999998,,4.310641666666666,0.0112774925,2.4618089999999997,18.4431,6.625,,,,,,7.499533333333333,,,,,,,,,,0.41736945,,,,,,,,,,,,60,362.8333333333333,0.00035,7.5,,,0.8810000000000001,,,358.1541666666667,,,,,,310.75,,,,,,,,,,,,,,,,,,,,,,,0.012499999999999999,,,,,,7.147120833333332,,0.8970579333333332,,,,,,,0.00040000000000000013,,,,,,,,,,,5.1862325,,,,,,,,,,,,,,,0.000011481666666666667,,,,,,,1,,,,,,,,,,1,,,,0.7142859999999999
1971,,,,,,,,0.8804064555859977,,,,,,,,,,,,2.288220916666667e-12,,,,,,1.0098925414862914,,4.115775493960268,0.0122086,2.4618089999999997,19.931933333333333,6.6258333333333335,,,,,,7.4050784520956645,,,,,,,,,,0.4092453463761347,,,,,,,,,,,,59.82161666666667,391.875,0.0003752150833333334,7.49193525,,,0.8785516666666666,,,348.0460156113274,,,,,,347,,,,,,,,,,,,,,,,,,,,,,,0.012499999999999999,3.0320469732797073,,,,,7.021803498899328,,0.8796813318253068,,,,,,,0.0003893333333333334,,,,,,,,,,,5.1056306053093055,,,,,,,,,,,,,,,0.000014841666666666665,,,,,,,1,,,,,,,,,,0.9970733333333334,,,,0.7152169166666665
1972,,,,,,,,0.8387469877483663,,,,,,,,,,,,2.567960083333333e-12,,,,,,0.9907940248760901,,3.818139352766799,0.02083520833333333,2.245066333333333,21.865641666666665,6.635000000000001,,,,,,6.952591496490733,,,,,,,,,,0.40055321752490247,,,,,,,,,,,,55.26,415,0.0004200000000000002,7.5944685000000005,,,0.8772833333333333,,,303.1123735177865,,,,,,392.75,,,,,,,,,,,,,,,,,,,,,,,0.012499999999999999,2.808362736683607,,,,,6.588333314903694,,0.8378657011572629,,,,,,,0.000368,,,,,,,,,,,4.757205322636302,,,,,,,,,,,,,,,0.000014199999999999994,,,,,,,1,,,,,,,,,,0.9210499999999998,,,,0.7687252333333334
1973,,,,,,,,0.7059210984028722,,,,,,,,,,,,2.6509404166666665e-12,,,,,,1.0002335466892418,,3.169766607738604,0.07164188333333334,1.9894154999999998,23.636983333333333,6.6467583333333335,,,,,,6.046544640289789,,,,,,,,,,0.40840286463553177,,,,,,,,,,,,48.966225,415,0.0004200000000000002,7.658467207007967,,,0.9239138916666665,,,271.3977823029797,,,,,,398.29677499999997,,,,,,6.373750601993908,,,,,,,,,,,,,,,,,0.012499999999999999,2.4493756906291053,,,,,5.7537254541230665,,0.7382143339085148,,,,,,,0.00033499999999999996,,,,,,,,,,,4.363331680952215,,,,,,,,,,,,,,,0.000013999999999999996,,,,,,,1,,,,,,,,,,0.8393608499999999,,,,0.6939590666666667
1974,,,,,,,,0.6975777399127906,,,,,,,,,,,,2.938360916666667e-12,,,,,,0.978135842953343,,2.9790695364357873,0.5928263333333333,1.961107,26.064125000000004,7.93,,,,,,6.093703959235209,,,,,,,,,,0.4277242644816002,,,,,,,,,,,,46.7524,415,0.00044550000000000015,8.032376743626743,,,0.9923428666666667,,,291.94122378547377,,,,,,404.4725,,,,,,6.684856378667628,,,,,,,,,,,,,,,,,0.012499999999999999,2.406556076238576,,,,,5.526858116883116,,0.7162753895448967,,,,,,,0.0003319999999999999,,,,,,,,,,,4.439741129148628,,,,,,,,,,,,,,,0.000013999999999999996,,,,,,,1,,,,,,,,,,0.8315315666666666,,,,0.679476975
1975,,,,,,,,0.7653659186330253,,,,,,,,,,,,3.5168444166666666e-12,,,,,,1.0172626439464671,,2.5834200481707836,4.9104166666666655,1.85982325,30.928941666666663,8.569999999999999,,,,,,5.7490610081911555,,,,,,,,,,0.4521297170784757,,,,,,,,,,,,43.97138333333334,415,0.00063259875,8.40980848399966,,,1.5332947499999998,,,296.76632681860633,,,,,,484,,,,,,6.982438383131032,,,,,,,,,,,,,,,,,0.012499999999999999,2.4033306503409437,,,,,5.229349834832924,,0.8362756023351609,,,,,,,0.0003319999999999999,,,,,,,,,,,4.154004256146904,,,,,,,,,,,,,,,0.000014302579166666667,,,,,,,1,,,,,,,,,,0.8239340166666668,,,,0.73950775
1976,,,,,,,,0.8197611584358416,,,,,,,,,,,,4.61870725e-12,,,,,,0.9860726951298977,,2.5002688477727038,13.054166666666667,1.9414153333333333,34.693925,8.569999999999999,,,,,,6.046063146629199,,,,,,,,,,0.5567431001198627,,,,,,,,,,,,41.57526666666666,415,0.0007936320000000002,8.971293817685408,,,1.819233083333333,,,296.4779817662844,,,,,,484,,,,,,8.414333258643422,,,,,,,,,,,,,,,,,0.015437541666666665,2.542370933801346,,,,,5.458528444432613,,1.009676000648205,,,,,,,0.0003319999999999999,,,,,,,,,,,4.357327191680892,,,,,,,,,,,,,,,0.00001578115083333333,,,,,,,1,,,,,,,,,,0.8658821000000002,,,,0.8695652000000001
1977,,,,,,,,0.9023133167586702,,,,,,,,,,,,6.120867166666666e-12,,,,,,1.063519603273665,,2.403781355084021,21.535833333333333,1.8578235833333334,36.77486666666666,8.569999999999999,,,,,,6.006098728004134,,,,,,,,,,0.5732874484545645,,,,,,,,,,,,40.96075000000001,415,0.0010475029166666665,8.767251610581129,,,1.9878745833333333,,,268.38131569165006,,,,,,484,,,,,,8.945991499796923,,,,,,,,,,,,,,,,,0.022547513333333335,2.4620218705373995,,,,,5.325799316931162,,1.0320694362015357,,,,,,,0.0003319999999999999,,,,,,,,,,,4.483622441553488,,,,,,,,,,,,,,,0.000017828029999999998,,,,,,,1,,,,,,,,,,0.8568399166666666,,,,0.8695652000000001
1978,,,,,,,,0.8741154704553168,,,,,,,,,,,,7.819749833333335e-12,,,,,,1.1407722714463475,,1.789843402372587,31.655833333333334,1.6835893333333336,39.094641666666675,8.569999999999999,,,,,,5.514652035442416,,,,,,,,,,0.5214783735298564,,,,,,,,,,,,37.91134999999999,442.04541666666665,0.0017475109166666667,8.195617209883514,,,2.7078151666666663,,,210.4587986254888,,,,,,484,,,,,,15.667977905086056,,,,,,,,,,,,,,,,,0.022728702500000003,2.315913667837798,,,,,5.244369699061004,,0.9651821251524911,,,,,,,0.0005809999999999999,,,,,,,,,,,4.520047525383233,,,,,,,,,,,,,,,0.000024041666666666674,,,,,,,1,,,,,,,,,,0.7999718916666666,,,,0.8695652000000001
1979,,,,,,,,0.8949479782803431,,,,,,,,,,,,1.1660689666666666e-11,,,,,,1.171561557662822,,1.6635025797296823,37.24583333333334,1.554939166666667,42.549775,8.569999999999999,,,,,,5.261068890612841,,,,,,,0.7299483333333333,,,0.4720702579689737,,,,,,,,,,,,35.577999999999996,623.0555,0.0025436163333333334,8.15725327110596,,,3.5334141666666663,,,219.2145372185129,,,,,,484,,,,,,15.570629960455044,,,,,,,,,,,,,,,,,0.02274609833333333,2.1881945087108416,,,,,5.064190031354462,,0.979571317360299,,,,,,,0.00332,,,,,,,,,,,4.28838624880025,,,,,,,,,,,,,,,0.000037533730000000005,,,,,,,1,,,,,,,,,,0.7740589250000002,,,,0.8420226
1980,,,,,,,,0.8781897779730014,,,,,,,,,,,,2.281232e-11,,,,,,1.1694197414212895,,1.6775895919053427,39,1.498386,47.28030833333333,8.569999999999999,,,,,,5.63664676676093,,,,,,,0.7196171750000001,,,0.43044358955458056,,,,,,,,,,,,32.53228333333333,626.9939999999999,0.00512493475,7.885474928408365,,,4.7847013333333335,,,226.5768736737119,,,,,,607.446075,,,,,,16.174732233044733,,,,,,,,,,,,,,,,,0.022927855833333333,2.17635806785234,,,,,4.938375426087501,,1.0275439799767778,,,,,,,0.004421666666666667,,,,,,,,,,,4.231289109862446,,,,,,,,,,,,,,,0.00007604163583333333,,,,,,,1,,,,,,,,,,0.7684537666666666,,,,0.7792810331576635
1981,,,,,,,,0.8699630231536136,,,,,,,,,,,,4.030010833333333e-11,,,,,,1.1988906859223711,,1.964708726655792,39,1.7089897143536819,54.490550000000006,21.763333333333332,,,,,,7.126687703510257,,,,,,,0.8982139166666667,,,0.4979065910703306,,,,,,,,5.588350254485852,,,,34.31429166666667,631.7566666666668,0.011425275,8.679753855846247,,,7.205615166666667,,,220.4494587254533,,,,,,681.0835320074451,,,,,,18.978324677938808,,,,,,,,,,,,,,,,,0.024482934166666664,2.303657245592572,,,,,5.738480120302403,,1.1541274087172402,,,,,,,0.005115249999999999,,,,,,,,,,,5.0653754070205155,2.1128399506190267,,,,,,,,,21.820793225735617,,,,,0.00011017137666666667,,,,,,,1,,,,,,,,,,0.84843105,,,,0.878118104335278
1982,,,,,,,,0.9862717720322994,,,,,,,,,,,,7.768544333333333e-11,,,,,,1.2338491488864343,,2.031801456801314,50.90833333333333,1.8972999548126463,64.08471666666667,37.40666666666666,,,,,,8.34019674476458,,,,,,,1.0243728583333331,,,0.5728049110850898,,,,,,,,6.0721509876745,,,,36.63054999999999,661.4207500000001,0.024267042500000002,9.482742705605693,,,12.29598575,,,249.05109851470465,,,,,,731.6932065334339,,,,,,20.750916544352755,,,,,,,,,,,,,,,,,0.05171892916666667,2.3349919667760197,,,,,6.456319883914607,,1.3331857114948953,,,,,,,0.008482416666666666,,,,,,,,,,,6.287742600950938,2.140564159561728,,,,,,,,,23.014583333333334,,,,,0.00016074948333333336,,,,,,,1,,,,,,,,,,0.9057514083333333,,,,1.0868529800332518
1983,,,,,,,,1.1099936015464904,,,,,,,,,,,,2.4971817500000003e-10,,,,,,1.2325740101199971,,2.100411334854759,78.78833333333334,1.9808953558179043,78.85430000000001,41.09416666666666,,,,,,9.150222383651817,,,,,,,1.1248833333333332,,,0.6602060336480794,,,,,,,,7.262419177761598,,,,42.671150000000004,909.2648333333335,0.05623127499999999,10.10589633297671,,,24.85252583333333,,,237.44512276698,,,,,,776.1530903180216,,,,,,23.516038649509976,,,,,,,,,,,,,,,,,0.15468005833333334,2.3204085650143145,,,,,7.301092860589385,,1.4984426414512297,,,,,,,0.009155000000000002,,,,,,,,,,,7.6726087914945476,2.1136359293119162,,,,,,,,,22.99173495332535,,,,,0.00022366919999999998,,,39.271111111111104,,,,1,,,,,,,,,,0.9360530083333335,,,,1.1150336391869
1984,,,,,,,,1.1399269426531309,,,,,,,,,,,,7.997413583333334e-10,,,,,,1.29515509266001,,2.3517326941778034,98.4775,2.3345495941021857,100.81724166666669,44.53268333333333,,,,,,10.362088984483607,,,,,,,1.2715416666666666,,,0.7522706480465154,,,,,,,,7.818812563502796,,,,48.04220833333333,1025.9448333333332,0.2932098083333334,11.354814273414101,,,31.725801666666666,,,237.5867102893928,,,,,,808.0825762900334,,,,,,25.45049814704908,,,,,,,,,,,,,,,,,0.19182414999999997,2.3437741069571163,,,,,8.167401389879508,,1.767010564327915,,,,,,,0.011324,,,,,,,,,,,8.27668079877312,2.1332998006998722,,,,,,,,,23.661497440694948,,,,,0.00036346144999999997,,,39.64541543503366,,,,1,,,,,,,,,,0.9717541166666668,,,,1.478772785541753
1985,,,,,,,,1.432236937877457,,,,,,,,,,,,2.68324225e-9,,,,,,1.3658979928356245,,2.4575691270474165,160.86,2.944636572333612,142.31166666666664,50.45335,,,,,,10.605346949286094,,,,,,,1.3218999999999999,,,0.779692352174539,,,,,,,,7.791606420723526,,,,50.119400000000006,1110.58,1.1788612333333333,12.33980128351181,,,41.536605,,,238.47192648603834,,,,,,872.1621127462149,,,,,,27.18403145094428,,,,,,,,,,,,,,,,,0.326978625,2.481342348769651,,,,,8.599487671039974,,2.025020375076977,,,,,,,0.014714166666666667,,,,,,,,,,,8.607002652464493,2.201005638464849,,,,,,,,,27.20279507797271,,,,,0.0005195671499999999,,,39.897362273404845,,,,1,,,,,,,,,,0.9656253916666667,,,,2.2444787296097624
1986,,,,,,,,1.4957831920150486,,,,,,,,,,,,5.9096824999999985e-9,,,,,,1.3897643227386647,,1.7987802137920559,192.93000000000004,3.4610123661426293,194.2614166666667,55.98589166666667,,,,,,8.097483837434496,,,,,,,1.0189916666666667,,,0.6822736826513031,,,,,,,,7.803745814662919,,,,45.83214999999999,1282.5600000000002,1.4878390833333333,12.598611712361715,,,41.10176833333334,,,168.4991238829397,,,,,,884.5547394369763,,,,,,28.031354408116254,,,,,,,,,,,,,,,,,0.6391651416666666,2.582025048416496,,,,,7.39945821782993,,1.911431861843176,,,,,,,0.017528666666666665,,,,,,,,,,,7.129160158920027,2.1779038600288603,,,,,,,,,26.31700627832207,,,,,0.0006690332083333332,,,37.890397508086174,,,,1,,,,,,,,,,0.8530138916666665,,,,2.2917303546332897
1987,,,,,,,,1.4284035406527462,,,,,,,,,,,,1.6976307999999998e-8,,,,,,1.3261737946975476,,1.4915453958884368,219.40666666666667,3.7313999999999994,242.6075,62.776199999999996,,,,,,6.846339811609063,,,,,,,0.867425,,,0.6117730892003018,,,,,,,,7.798393013095155,,,,46.97054166666668,1643.8483333333334,1.59464525,12.947774437328498,,,38.67647083333334,,,144.6229202902678,,,,,,826.4734458841439,,,,,,29.46569145562358,,,,,,,,,,,,,,,,,1.4175135833333334,2.5187484162068547,,,,,6.742345953280765,,1.693043670545796,,,,,,,0.02650825,,,,,,,,,,,6.347266949137501,2.105944810325385,,,,,,,,,25.763489173361602,,,,,0.0008546137166666667,,,31.90086298685476,,,,1,,,,,,,,,,0.7738019583333333,,,,2.038755837097685
1988,,,,,,,,1.2805658183055502,,,,,,,,,,,,1.1354767333333335e-7,,,,,,1.2309495755487203,,1.4633179921476946,245.01166666666668,3.7313999999999994,299.17383333333333,75.80473333333333,,,,,,6.738190317939117,,,,,,,0.8462416666666667,,,0.5621976501483902,,,,,,,,7.806726276763217,,,,50.41320833333333,1685.7041666666664,1.5989398333333333,13.90282287446218,,,43.048517499999996,,,128.1426014752791,,,,,,734.774419340512,,,,,,31.82695614881241,,,,,,,,,,,,,,,,,2.280775583333334,2.6190109741580563,,,,,6.523431951234311,,1.5283760179035948,,,,,,,0.04305458333333332,,,,,,,,,,,6.135384375484989,2.01304074180428,,,,,,,,,25.30843281815925,,,,,0.0014214174166666668,,,28.63721008177559,,,,1,,,,,,,,,,0.7418861833333333,,,,2.2750310198255854
1989,,,,,,,,1.2642846496112552,,,,,,,,,,,,0.0000012263874166666667,,,,,,1.18411235107284,,1.6353775965110406,266.9533333333334,3.768995265151515,382.56808333333333,81.50420833333334,,,,,,7.314375244699364,,,,,,,0.9082250000000002,,,0.6112163571066618,,,,,,,,7.800878880315909,,,,59.06634166666666,1770.0591666666667,1.9164123333333336,16.20714343459109,,,57.10947000000001,,,137.9947098692053,,,,,,674.1728308776992,,,,,,36.0580029152166,,,,,,,,,,,,,,,,,2.4948833333333336,2.7079004625777223,,,,,6.908585676683473,,1.6734005285042166,,,,,,,0.1439184166666667,,,,,,,,,,,6.452125322694087,1.95079067631612,,,,,,,,,25.71735718289465,,,,,0.00211996125,,,26.423501004758624,,,,1,,,,,,,,,,0.7803552083333334,,,,2.6220146362695274
1990,,,,,,,,1.2820564584097343,,,,,,,,,,,,0.00002955726925,,,,,,1.1670240083203727,,1.3897727053057543,304.90333333333336,4.795483521303259,502.25925,91.57929166666666,,,,,,6.188018429076643,,,,,,,0.787675,,,0.5631024194461466,,,,,,,,7.7901039721545295,,,,63.20586666666668,1842.8133333333333,2.016172666666667,17.502101081232947,144.72186,,58.377677500000004,,,144.81816248996998,,,,,,710.5064976203133,0.28999,,,,,40.08086405723906,,,,,,,,,,,,,,,,,2.8407524166666662,2.7048002444186885,,,,,6.259651057547526,,1.6780532679948228,,,,,,,0.9499999999999998,,,,,,,3.74998,,,,5.921628563565534,1.812791540651695,,,,,,,,,25.608925210341397,,,,,0.002606437416666666,,,26.894241396284674,,,,1,,,,,,,,,,0.7375931749999999,,,,2.5882658970920382
1991,,,,,,,,1.2843183355214833,,,,,,,,,,,,0.00017596144250000003,,,,,,1.1459626822738664,,1.4337922074124705,349.21583333333336,5.334813040142692,633.0451666666667,122.43241666666665,,,,29.474460833333335,,6.394687187191463,,,,,,,0.8090083333333334,,,0.5669096429345674,,,,,,,,7.77111976342371,,,,74.76927916666666,1950.3174999999999,2.2791087500000002,22.719852025898078,134.48329,,59.09571499999999,,,134.5077365383155,,,,,,736.6126610104437,0.289,,,,,41.385785754958555,,,,,,,,,,,,,,,,,3.0224674166666667,2.7496428636933246,,,,,6.482089313719906,,1.7299832386634704,,,,,,,1.0577406666666667,,,,,,,3.75007,,,,6.045222366047695,1.7275812898724083,,,,,,,,,25.532125168275712,,,,,0.0041688722499999996,,,26.817255104850286,,,,1,,,,,,,,,,0.73101775,,,,2.7613531036294625
1992,,,,,,,,1.3624476974004347,,,,,,,,,,,,0.0019530235749999998,,,,,,1.2088113628314858,,1.4068678615346009,362.5758333333333,5.526606063139018,759.282,134.50633333333334,,,,28.26411,,6.039597557526061,,,,,,,0.7726333333333333,,,0.570208547581676,,,,,,,,7.740372811140994,,,,78.98942749999999,2029.9208333333333,2.45903975,28.13509425738259,126.60525,,57.61941166666667,,,126.74705071473146,,,,,,784.4614118946356,0.29335,,,,,43.73791051120076,,,,0.9754433272727272,,,,,,,,,,,,,3.095020166666666,2.5466623672694584,,,,,6.2167613456607596,,1.8602636812313875,,,,,,,1.3628534166666668,,,,,0.3097142857142857,,3.74996,,,,5.827994099543985,1.6294731975896593,,,,,,,,,25.41579499411407,,,,,0.006860541166666667,,,25.163512137983847,,,,1,,,,,,,,,,0.7103262166666666,,,,2.8533060198255846
1993,3.67247,,,,,,,1.4725813540228234,,,,,,,0.37696,,,,,0.038276607,,,2.53669,,,1.290161282578977,,1.4780019261510164,404.1658333333333,5.776741180269192,863.0646833333334,142.17166666666668,,,,29.154127500000005,170,6.483191040781301,,23.93656,,3.36237,,4.93,0.8536833333333332,,,0.6662815036651876,,,,,,,,7.7356624712638,,,,91.90929416666667,2087.1039166666665,2.8300478333333334,31.2569159162729,111.09989,1583,67.642115,,0.7002,111.23141155466068,68.518,,,,,805.6198782089172,0.30146,,,,1714.53214,48.103487452664076,,,,0.9609127916666668,,,,,,,,,123.41559,18.45199,,4.43743,3.1150106620046625,2.5740737340964404,4.915,,,,7.097286155709598,,1.8502169604851442,,,,,27.98929,30.03696,1.8135473333333332,1792.74286,3.63928,,,0.9916666666666667,,3.75036,,,,7.788077865385631,1.6159406369142555,,,,,,,21,3.36446,25.332031574255684,,,,,0.010964446666666667,0.01393,,26.38555318681763,,,,1,4.37325,,,,,,,,,0.716188575,,,,3.269533031793086
1994,3.6725,,,,,,,1.368031442376046,,,,,,,0.377,257.56602,,,,0.6646835083333332,,,2.6682,,,1.365887570515551,,1.3668024198094049,420.17666666666656,8.640074153309822,844.8358750000001,157.0666666666667,1,,,28.785330000000002,172.59041,6.356417910054287,,24.24251,,3.38133,,5.223,0.8430666666666665,,,0.6532072317798742,,,,9.69413,,,,7.729034734299517,,,,105.12102499999999,2160.7537500000003,3.0111817500000004,31.39436137568889,72.79619,1583,69.98966666666666,,0.69768,102.19525233909873,55.79184,,,,,806.9160745696589,0.29751,,,,1679.01918,49.17039141393503,,,,0.7964525,,9.08574,,,,,,,122.43355,18.01115,,4.45227,3.38256546149217,2.6243959989194,4.915,,21.7761,,7.055940226162409,,1.6868220500248208,,,,,26.28768,30.53458,2.2727725,1793,3.63913,,,2.3915,,3.75026,,4.97,,7.714620434014878,1.5274797843629164,,577,,,,,22.77671,3.54801,25.161160145195833,,,,,0.029778150000000003,0.03014,,26.46119559023673,516.40162,,,1,5.00592,,,,,,,544.65818,,0.6985879333333332,,,,3.5519271637179237,682.45
1995,3.67246,3756.74909,91.78697,,1.7822,453417.5455,0.99988,1.3499922716922208,1.79,,,2.0113,40.62887,69.60113,0.37699,248.63259,1,1.39991,4.79773,0.917353620964855,1,32.75316,2.75366,,2,1.3726504009612304,,1.1821554012831814,396.8126333333333,8.370944964098323,912.8263916666666,179.72916666666666,1,1,73.91,26.5401,171.73973,5.603575561197956,13.74702,28.40345,11.40986,3.39917,,5.71537,0.7649545999999999,1.42044,0.62473,0.6337825775975118,,,0.62456,9.66479,1008.4886,5.77761,142.50579,7.735696392380821,9.25388,5.28002,19,125.72031666666668,2248.608,3.0113819166666667,32.43237389515043,263.22648,1583,64.7659575,33.51612,0.69989,94.10578313578743,51.37055,,2220,367.27839,2.15,772.8995288575521,0.29841,0.82943,63.45592,781.09091,1620.41718,51.062255507840746,1,3.65203,3.99694,0.7506834583333334,0.3555,8.425,,,,5.45387,427.73636,7.98822,129.06733,17.72553,14.22818,6.07162,6.44167905235338,2.5080117622531293,4.915,3.65244,31.24444,7.50951,6.339094298827603,50.41281,1.5247539614897792,,1,2.30657,0.78748,25.62491,31.60821,2.425030833333333,1793,3.63941,0.24836,1.66534,4.601816666666667,,3.75029,3.3571,4.97,,7.139773565732512,1.4176124927602274,1.59963,614.68767,2620,0.42687,1572.55442,8.75293,41.42493,3.62663,24.925734772950165,,,,1.3412,0.04573844083333334,0.04592,5.69908,26.49944189360093,559.47945,,1027.38571,1,6.29147,,,0.17589485294117643,11031.28512,112.56972,2.48406,498.92199,,0.6592846666666666,489.28599,,,3.6275545627078234,867.62286
1996,3.67251,4750.19126,100.08798,,1.79,5635,0.99984,1.2781837666507503,1.79,,,2.0113,41.69822,177.63016,0.37695,299.4769,1,1.40934,5.08728,1.0051427889800257,1,35.78851,3.30815,,2.00003,1.3636943465671756,,1.236358118117263,412.28838333333334,8.33872038391433,1036.6863,207.6891666666667,1,3.30055,73.91,27.148887499999997,160,5.799826370661503,13.80184,54.72685,11.89244,3.3949,,5.83867,0.7877900000000001,1.39996,0.64183,0.6410114765023432,,,0.64445,9.86685,993.26503,6.0796,139.15902,7.734503153717626,10.78552,5.38895,16.27706,152.60904166666666,2342.2962500000003,3.1872294999999995,35.516420084301664,108.75179,1583,66.69141666666667,36.32944,0.70878,108.80483995974787,57.05869,,2300,382.19887,2.15,805.1635838649653,0.29937,0.82839,67.77276,920,1569.82238,55.29792446077315,1,4.29514,3.99706,0.7836466416666665,0.3555,8.67748,,,,5.87223,466.09683,7.98997,136.19545,19.63302,11.77,15.18203,7.603125182273867,2.515828903318903,10.24854,4.28161,81.14891,8.41406,6.458258788733197,55.20205,1.45463674047331,,1,2.44778,1.3142,26.20456,35.99843,2.695499,2038.62978,3.63986,0.31135,4.92146,5.120833333333334,,3.75028,3.50634,4.97025,,6.708504405901116,1.4099111822169057,1.55351,683.31967,2620,0.438,1933.05216,8.75511,41.94735,4.28557,25.359607627022104,,,0.97381,1.22845,0.08128100249999999,0.0817,5.78806,27.470241066681854,593.43169,,1038.65301,1,7.92184,,,0.4164931552365763,11029.93033,111.18555,2.4596,510.33187,,0.6888080333333334,507.79699,,,4.29984357629086,1206.01954
1997,3.67239,4750,144.92863,,1.79,123023.8877,0.99981,1.3483759164487168,1.79,,,2.0113,43.79562,1636.0637,0.37699,320.37,1,1.4761,5.2631,1.077884951330346,1,36.14151,3.63535,,2,1.3848644790638212,,1.45076262025012,419.2997833333334,8.31929646932989,1140.9628333333335,232.5975,1,20.93425,89.12794,31.704628333333332,161.63836,6.605733738069922,14.16085,57.70069,13.86285,3.39129,,6.50032,0.8823803916666666,1.43756,0.61212,0.6107170654168317,,,0.60916,10.18713,1069.03885,6.05423,141.80249,7.74300313156629,12.88729,6.123,16.14035,186.62863333333337,2909.3799999999997,3.4488965833333336,36.364532616262885,1084.45159,2398.03836,70.96926333333333,34.31195,0.70832,121.094646939318,58.55149,,2750.0137,433.64218,2.18151,954.3809774547777,0.3033,0.82816,75.55436,969.5726,1537.59649,59.01844684311791,1,4.60406,3.99801,0.8265699249999999,0.3555,9.49602,,,,6.22115,514.2037,7.99394,150.8257,20.97559,11.77,16.18935,7.920571702615124,2.817760036771221,11.27955,4.60404,81.46987,9.4283,7.079983855155565,56.92689,1.513761234651504,,1,2.65878,1.42421,29.53438,41.07714,3.2768612499999996,2165.20548,3.64002,0.71205,4.9991,5.784833333333334,,3.75031,3.64705,5.03477,,7.64053817118554,1.4857085048479783,1.64043,784.00822,2620,0.4083,2100.86205,8.75501,41.89411,4.60697,31.071858054226478,,,1.09765,1.25962,0.15159491666666666,0.15258,6.13924,28.790405590997693,604.89073,1.86479,1072.85616,1,9.39226,,,0.48883896167185625,11696.83836,115.32786,2.53901,582.16849,,0.7264616083333334,578.06266,,,4.607809442640693,1315.37534
1998,3.67267,4750,149.15282,,1.79,196916,0.99974,1.5916995416680304,1.79,,,2.0113,46.75433,1751.59567,0.377,369.24593,1,1.68017,5.51805,1.1603520466763086,1,41.34559,4.21658,,2,1.4836311603324848,,1.44973748961914,460.2520583333333,8.300619381028332,1426.0374166666668,257.2291666666667,1,23,99.12713,32.28074083333333,168.74899,6.70114485913813,15.19178,58.70674,14.07334,3.40655,,6.9759,0.8941227500000001,1.95747,0.60244,0.6035814399443806,,,0.6037,10.63033,1224.6094,6.36989,145.45808,7.74662871613322,13.40381,6.34627,16.94825,214.26113333333333,10013.6225,3.7993408333333334,41.329437923324456,1200,1750.53836,71.17397083333333,35.79781,0.70893,130.81818869018727,60.26749,,3748.27671,444.52892,2.2,1404.2002184727298,0.30467,0.8284,78.5567,2469.53425,1515.13548,64.9909980542595,18.73699,5.49631,3.99941,0.8392572166666667,0.35912,9.58637,,,,6.2517,819.41082,8.0017,186.61684,23.90637,11.77,31.05334,9.152317040918337,3.924782128274408,11.77666,5.52465,85.54518,10.56522,7.549779856025935,61.62123,1.8683788988871932,,1,2.92581,2.0712,40.80573,48.63593,3.4919878333333334,2691.5589,3.6401,0.8864,8.98995,9.705083333333334,,3.75056,4.39126,5.25554,,7.952681380163187,1.6720727061601635,1.65879,903.04795,2620,0.401,2390,8.75378,41.84863,5.50142,41.321791528805555,,,1.13571,1.45165,0.26047260833333336,0.26188,6.2279,33.53734417359274,650.9404,2.59064,1229.80027,1,10.40544,,,0.5481493094891379,13261.13699,127.2281,2.92784,589.26658,,0.7372557583333333,588.57092,,,5.532086233844659,1858.7274
1999,3.67275,4710.73449,136.2543,,1.77675,193139.6352,0.99981,1.5499609094097213,1.77373,,,1.98459,48.89397,1846.87101,0.37701,441.36973,0.99802,1.69402,5.78907,1.8191313349042897,0.9989,42.99353,4.61263,,1.98584,1.485832857464808,,1.5026749548030158,508.75982500000003,8.278273170285727,1756.2308333333333,285.6846916666667,1,11.96986,103.26356,34.588361666666664,172.03373,6.9810853197924,15.88795,66.49378,14.68626,3.41281,,7.8128,0.9387857584821432,1.96596,0.61699,0.6182338248952524,,,0.61707,11.32304,1335.78501,7.33399,166.93912,7.759319220903048,14.24133,7.09274,16.80795,237.06319166666665,7855.150000000001,4.1390535,43.12117344022936,1206.9863,1750.30685,72.429635,38.29273,0.70904,113.71318025052751,70.23332,,3795.85795,456.2606,2.2,1189.8274828292735,0.30427,0.81539,119.58649,5497.80822,1503.65622,70.84794452864706,35.76327,6.19647,4,0.8326171583333334,0.45681,9.78206,,,,6.11776,990.84033,7.99171,211.59016,25.09914,11.41222,43.78132,9.561174375806942,3.799998305422646,12.48503,6.0949,95.135,11.78,7.801874083409281,67.89104,1.8903597440341835,,1,3.37905,2.56927,39.06668,51.3309,3.964368000000001,3113.61644,3.64026,1.53334,10.91906,24.6199,,3.75025,4.85491,5.33231,,8.266040345758995,1.6946858804826626,1.61989,897.17205,2588.70532,0.63628,2355.19641,8.72077,42.12243,6.13534,37.88137274221455,,,1.18353,1.5073,0.41898401666666674,0.42015,6.20346,32.31822965330817,736.90068,4.29909,1454.33836,1,11.21321,,,0.6064436702964592,13940.56301,128.70504,3.02249,615.29749,4.08468,0.7313385499999999,614.39277,123.40372,,6.116706014728025,2469.93093
2000,3.67273,4836.03164,142.8223,,1.76391,5.87579,0.99955,1.7271458488084397,1.77,,,1.99137,51.9782,874.64382,0.37699,676.12861,1.01312,1.72337,6.12667,1.8309703918846854,1,45.22483,5.07094,,1.98429,1.4855215050348205,,1.6898867469728336,539.3879833333332,8.278411904918752,2087.90375,308.18666666666667,1,1,119.22048,38.63659833333333,172.33343,8.093770789572746,15.86275,72.20054,17.0037,3.53142,,8.08001,1.0862022210908244,2.11705,0.65834,0.6610371937051266,,,0.65834,12.66564,1672.45902,7.75757,180.97077,7.792355264602548,14.90529,8.2653,20.37024,282.2861583333333,8421.775000000001,4.076589166666667,45.00093223539745,1755.57377,1750,78.84450583333334,42.2125,0.7083,107.82130134418723,76.03068,,3818.15913,534.37469,2.2,1131.3796799752179,0.30685,0.802,142.14227,7516.78631,1508.81762,76.98277747976661,0.425,6.23,3.99935,0.8629717583333334,0.5019,10.60628,,,,4.85588,1068.95566,8.00955,237.34557,26.01681,11.62486,46.82898,9.459001301132444,3.800001893939392,15.18549,6.94447,104.33392,12.27436,8.810856492094864,71.00586,2.2045609212992736,0.38498,0.9971,3.48716,2.74116,44.14768,53.77905,4.345673166666667,3485.45082,3.6399,2.16627,11.6095,28.129166666666663,,3.7504,5.03165,5.69327,,9.175108041360813,1.7248907105997866,1.51744,698.92781,2612.82044,0.83655,2129.02973,8.73704,45.98316,6.72261,40.22183825365456,,,1.36711,1.74915,0.6243253,0.62403,6.2316,31.26892832596148,794.88248,5.47604,1620.2377,1,11.385,,,0.6804902163717924,14163.60328,137.40167,3.06785,709.52364,2.69167,0.7583977333333333,710.99635,126.38854,,6.9453756885626445,2780
2001,3.67249,4749.67466,141.28975,,1.78,11.45909,0.99934,1.9364954624073232,1.78364,,,1.9901,55.17741,2.17722,0.37679,800.34117,0.98976,1.78015,6.52539,2.3530732789070834,1,46.95301,5.69073,,1.97085,1.5490101657030149,,1.688011302749077,634.8372666666667,8.277007421205901,2299.6330833333336,328.87083333333334,1,1,119.10093,38.02837666666667,169.49225,8.329517572959078,15.98198,73.99751,17.45999,4.0388,,8.20795,1.11763508860338,2.26572,0.69329,0.6946116729789256,,,0.69329,15.73739,1901.84164,7.76078,180.49315,7.7996641200553,15.26627,8.28063,23.82728,286.4914083333333,10260.85,4.206043666666667,47.22761559352377,2661.84822,1750,97.67081083333333,45.46055,0.70753,121.51925252855459,78.33182,,3781.6211,549.93211,2.2,1291.6720310492965,0.3063,0.802,145.67201,7427.52482,1502.15726,89.6171403968309,26.3826,6.23,3.99733,0.8934449333333333,0.58288,11.2684,,,,6.66604,1096.26986,7.91027,251.84367,28.91155,11.72852,68.71539,9.340824899948874,3.8000042087542067,20.11263,8.5658,113.33866,13.33858,8.993279257441747,74.12855,2.382043246795586,0.38484,0.9966,3.4627,3.31479,50.85671,61.13286,4.097198333333334,4058.7937,3.62724,2.87658,48.30808,29.168525,,3.75011,5.21971,5.82067,,10.343646413061364,1.7925569851795167,1.21435,1890.0274,2619.28178,1.11879,3375.51904,8.75073,49.19864,8.55399,44.50627267223834,,,1.43188,2.12261,1.2282685333333334,1.20851,6.14952,33.82532568438003,865.82003,5.37665,1739.6834,1,12.83801,,,0.7243602078111947,14602.3589,144.6743,3.37301,725.7181,2.67068,0.7852867083333334,728.89452,133.28347,,8.623899359511263,2796.01644
2002,3.67275,4726.25,134.82685,,1.77882,32.39582,3.09435,1.8413772230682752,1.78301,,,1.9899,55.38421,2.06947,0.37641,888.00252,0.99726,1.7919,6.89551,2.923469003949268,0.99348,48.28571,6.21058,,1.96959,1.570593500322777,,1.557087007006152,689.0038666666668,8.277048755885925,2504.2412500000005,359.8175250000001,1,2.03408,115.76507,32.732805,162.22679,7.887091243449532,16.80436,76.48649,16.58715,4.59934,,8.06766,1.0612991327342487,2.18941,0.48807,0.6667537472683639,,,0.6649,19.20385,1903.58438,7.54932,179.35616,7.799603487126908,15.75111,7.58284,27.91364,257.8840583333333,9311.191666666668,4.736465083333333,48.62204105908711,2950.31507,6889.0411,91.58545416666665,47.55856,0.70333,125.266877734108,78.31381,,3653.95562,519.82786,2.2,1250.4906251424015,0.30356,0.81528,149.92855,7280.40055,1459.64082,95.7556794543176,0.99166,9.26164,3.66959,0.8796074916666666,1.18665,10.97035,,,,6.59568,1103.8603,7.69745,263.85833,29.66898,11.94482,73.95633,9.664807151401229,3.800017035961113,23.06818,10.35857,119.12737,14.18504,7.985598356402368,74.04696,2.1615268882691603,0.38377,0.99918,3.36737,3.82525,51.48022,58.27136,4.081623416666667,5574.04904,3.63716,3.19811,63.52876,31.34848333333333,,3.75003,6.53034,5.44119,,9.722991678913193,1.7909117698602568,0.69403,1961.77973,2606.90923,2.1711,8930.83233,8.72511,48.04616,10.47071,43.03149731506797,,,1.40818,2.17833,1.5123422500000003,1.48719,6.10369,34.54401008202324,936.4154,5.17974,1729.85578,1,21.31783,,,1.1613139789815448,14596.52877,137.89441,3.4087,677.7969,2.66829,0.7728514166666667,692.58805,126.6117,174.16531,10.518509713281885,4282.29096
2003,3.6725003626619537,55.61641,117.47986,,1.7724,57.1198,2.93724,1.5419199600687303,1.781,,,1.98696,56.51551,1.72669,0.37600004807402826,1030.0463,0.9938,1.7413720970708257,7.43248,3.080065554756484,0.99728,46.56739,4.826772464552614,,1.96721,1.400831677265075,,1.346077451189488,691.3878264561291,8.27716080287858,2877.6490980219583,398.66222500000003,1,4.23875,105.63285,28.225655822389584,169.67712,6.583582078355728,28.20475,74.59177,13.84181,5.8322,,8.18572,0.8860150994092398,1.88742,0.44238,0.6125530873378644,,,0.62028,26.34921,1931.56301,7.70914,178.51178,7.7874917612845245,16.78079,6.44147,39.10708,224.40986843927396,8580.692550630347,4.548228294726241,46.59182564062237,2976.96329,8254.457129471275,76.68960136157342,53.1669,0.70455,115.96924401643598,75.47807,,3705.78356,433.87274,2.2,1191.8803482156359,0.29758927477975194,0.8189,146.44315,7373.2,1464.59534,96.53764746432626,0.995,7.53728,3.05556,0.8131356666666666,1.3126875022786169,9.47495,,,,6.24405,1121.29696,7.75184,256.16397,27.94707209210999,12.69,94.11472,10.795274436571546,3.8000001598281457,23.1699,7.43918,128.86901,14.97329,7.081906347230009,75.28792283107667,1.7234778204692682,0.38450000281030516,1,3.35478,3.47925,54.0579,57.64101360550652,3.8880642746608483,6361.43863,3.6400003147650972,3.23229,57.67927,30.687485946532345,,3.7500002127025476,7.35681,5.32546,,8.084981975205453,1.7424492579328714,0.68198,2288.43507,2615.8726,2.45195,8844.27616,8.73155,44.953,7.51356,41.5438050103108,,,1.30981,2.13815,1.5025415833333333,1.47958,6.264744450002502,34.40479785005443,1010.7743,5.18671,1840.15764,1,28.24279,,,1.6137829137237034,14951.03288,121.44159,3.01999,564.73247,2.66619,0.7144557500000001,579.42742,105.38123,177.91721,7.561527054534056,4750.06164
2004,3.672501139177516,42.785,98.74227,,1.77216,57.1198,2.92345,1.360088654719493,1.77087,,,1.9895,57.66129,1.57304,0.3760000225806229,1053.0276,1.00067,1.690248844816309,7.72016,2.925507188051697,0.99649,45.253,4.69207707521594,,1.96669,1.3013836818325024,,1.2435448744363604,609.6178581123971,8.276801905480957,2628.749592638284,437.935,1,21,98.17506,25.703017584617797,169.05522,5.990700349137135,39.44657,69.27486,12.58776,6.16236,,8.34239,0.8051889819145658,1.73386,0.5885,0.5461693826073276,,,0.54671,28.99417,2204.04153,7.74022,178.68169,7.788803894869751,17.67892,5.79493,35.72302,202.7133639610703,8925.472004104004,4.481719600744627,45.30459633995131,2201.19645,8610.967447932959,70.19293826434584,57.64456,0.70511,108.15245703594466,78.80679,,3788.40027,392.51637,16.41257,1146.410036536464,0.2947000606926397,0.81774,131.1506,7620.36148,1480.29208,101.17286766028711,0.995,6.44219,2.77786,0.7686827666666667,1.3048481235086327,8.78134,,,,6.25419,1120.37,7.76203,249.87432,27.49688473399578,12.7423,106.11484,11.287468011966645,3.799999568441993,22.03037,6.33444,131.01798,15.7894,6.741597215890676,73.61776073120375,1.5084756511479684,0.38450002735502326,0.99669,3.31869,3.21057,55.906,58.25770495609503,3.651466294780229,5861.79781,3.6400004993695543,3.18346,58.9607,28.807710805926998,,3.749999897546147,7.33942,5.20291,,7.348869250978818,1.6902636483247317,0.54676,2463.44809,2731.91667,2.5024,8792.27322,8.74742,48.95079,6.3944,40.262779117825126,,,1.27069,1.98084,1.4259954166666668,1.40873,6.2713407840586015,33.380077520712184,1063.56694,5.17868,1807.11391,1,28.69364,,,1.883932280701755,15296.70765,111.10577,2.78965,507.28962,2.66806,0.6754058416666667,528.22893,96.11159,181.98189,6.4499500180728715,4743.16393
2005,3.672499576675665,42.70031,96.69505,,1.77417,74.54469,2.91511,1.3124062387467557,1.77,,1.62325,1.96566,63.50461,1.572,0.3759999691192876,1014.2664,1.00132,1.6644348816179872,7.96426,2.436030913469392,0.99484,45.03555,5.108902727259528,,1.95318,1.2114992502205288,,1.2459859352894689,559.9264275115585,8.194004150346926,2321.005103614252,477.7867416666667,0.946,21,85.0633,23.959730599151968,166.29217,5.997267921422246,29.02967,71.16329,12.58118,5.75482,15,8.54286,0.8048034133237878,1.68541,0.5885,0.5501546857287106,,,0.54632,27.76271,3508.22501,7.5532,182.8863,7.777447545168092,18.02429,5.92165,37.88303,199.5345906883895,9707.480038268879,4.487675018327281,44.09115720415826,1431.86003,8965.24688789617,62.87343217747932,59.33446,0.70537,110.11980954483592,75.26232,,3866.77318,391.62718,170,1024.4980062326808,0.29199996458599736,0.81893,134.0395782264001,9212.15937,1501.29474,100.45130862261418,37.77093,6.26067,2.7763,0.8035194250000001,1.308740878185923,8.77097,,1980.98108,50.9685,6.22936,1120.37,7.68796,261.97519,29.493763946315187,12.72458,115.19467,10.894532893843488,3.7870752875324993,22.69359,6.31838,130.48393,16.21866,6.444452312587438,71.47720052162667,1.4205977054406773,0.38449992249868786,0.9903,3.2815,3.03207,54.97704,59.514446948245855,3.235630329852332,6100.65595,3.6399998833453213,2.88917,66.96762,28.301389828577964,,3.7499994350691863,7.30233,5.27124,,7.470207224001911,1.6646570965427034,0.54632,2355.67671,2638.99647,2.53542,8413.01082,8.72457,51.43677,6.33907,40.26810361013713,,,1.29585,1.93704,1.3412975833333334,1.34319,6.265795438251403,32.146806121446566,1100.40805,5.04989,1774.71844,1,24.40929,,,2.104710935127674,15745.48356,107.85061,2.62174,522.22479,2.66692,0.6770051166666667,522.69154,95.92609,181.45064,6.362688295117349,4407.81921
2006,3.6725006811989194,48.10775,93.35059,418.44813,1.7728,86.63591,3.05612,1.3279589847650792,1.77,0.91396,1.55763,1.96118,66.36356,1.55109,0.3760000299491976,949.8808,0.99867,1.5889761103995148,7.72707,2.175848481542219,0.99898,44.2949,5.83501852415651,2150.65465,1.89457,1.1343682610120374,426.88531,1.253770740941199,530.2131154772371,7.973506782179405,2361.8743996379494,511.30182500000006,0.9259,21.97106,84.14211,22.60102982863418,166.70233,5.946933561904465,32.16618,70.53928,12.44635,5.65973,15,8.4219,0.7972442763577018,1.72098,0.57131,0.5435537500867115,1.9541,,0.55949,27.05792,4873.42479,7.3301,190,7.768126948902228,18.09543,5.83115,38.01601,210.4417839215234,9162.81848753087,4.456219055586141,45.296157368166,1412.20225,9170.946055534658,69.83773112621954,64.09105,0.70401,116.32761473210184,71.56903,41.29991,3888.99008,391.24621,141,955.1684814929166,0.2901794706831752,0.8163,125.33707242138503,9659.99685,1471.77641,103.95245443878599,56.14932,6.62504,2.7469,0.7973892083333333,1.3135119627683884,8.68379,12.72497,2075.99088,47.77078,6.14014,1134.99112,7.68638,260.83727,31.70245617321417,12.60523,131.50976,10.900848006205075,3.6682425336879807,25.73881,6.65336,124.23777,16.61228,6.414426149594928,72.75562145296028,1.5420528239889082,0.38449996747244247,0.9655,3.1856,2.86268,51.15005,60.27137130647244,3.102829225293979,5436.448,3.639999562974033,2.80021,65.38393,27.169796277021117,528.13482,3.7500002955208385,6.99028,5.35309,,7.375679668872206,1.5888670002953553,0.5728,2350,1349.07732,2.7,6648.75633,8.42436,50.19661,6.73006,37.89598334142738,,,1.31688,2.04009,1.4299545,1.43029,6.280620341284248,32.5059817486734,1216.31082,4.85399,1806.45712,1,23.06776,,,2.144597625598086,15542.30986,107.94322,2.74056,505.85384,2.65288,0.679887275,505.55408,91.87749,180.18489,6.7682808867999755,3417.3914
2007,3.672499820630916,49.85822,87.49384,342.51255,1.75793,77.18808,3.10824,1.1953484234914256,1.77,0.89853,1.42806,1.97,67.1142,1.4255,0.3759999762373247,1049.78,0.9909,1.5071143479961167,7.63478,1.9483184125489388,0.9877,43.94652,6.139523463755722,2150.5,1.91637,1.0742100602478233,427,1.200435466960724,522.4758610080765,7.607786634412272,2078.2914755720317,516.6173916666667,0.9259,22.2222,78.53456,20.29926628321527,170.82957,5.444234273115612,32.34066,68.81288,11.41613,5.56729,15,8.75942,0.7307343561308622,1.60084,0.49977,0.4999118567298279,1.765,0.92975,0.49977,24.11318,4386.75392,7.45875,193.15671,7.801714669310791,18.45603,5.3564,35.12657,183.64624991934627,9140.333881900022,4.1077350713379275,41.3457737660844,1218.05348,9281.145886061218,64.0556803402037,67.72441,0.70345,117.73915880193785,66.78103,39.84082,3899.20847,359.64036,140,929.285756745352,0.28421848214420875,0.8163,122.52462247993896,9338.88005,1483.54751,110.60938684663374,58.69863,6.93536,2.516,0.7310596833333333,1.2627192360616364,8.13346,11.78117,1823.22,44.0516,6.242,1169.73855,7.80516,253.2614,31.328647633303756,12.65837,136.15871,10.928564615207945,3.4378870306044385,25.45573,6.92425,122.44775,17.9564,5.861900137860083,66.40323657924293,1.3613248117906351,0.38450001955891805,0.97641,3.05868,2.81573,45.94119,60.73822406854806,2.7666748784961137,4880.68847,3.6399998496120056,2.42716,56.89448,25.568073237193275,531.49078,3.750000643886679,6.9686,6.64262,1.94748,6.761195543300674,1.507071117689488,0.5736,2757.37592,1309.19049,2.7,11503.78167,8.49663,50.24585,7.01357,34.3062360108209,,,1.26434,2.0408,1.2998856666666667,1.30145,6.301290350573129,32.8510230888486,1212.24033,4.88743,1697.40312,1,22.74776,1286.09073,,2.1445999999999996,15738.31644,97.73468,2.64787,466.09239,2.6509,0.6534642833333334,466.14475,84.74022,187.9101,7.048664820443846,3878.36742
2008,3.6725094406089354,50.21658,82.19302,305.95645,1.75202,74.784,3.15122,1.196715872289866,1.77,0.82153,1.33609,1.97,67.33065,1.33467,0.37599995052736324,1155.1335,0.99549,1.4151701744667762,7.09683,1.8327215040938867,0.9877,43.37259,6.83240377608676,2150.5,1.92592,1.0671572974000876,450.56844,1.082768949010778,522.478862491041,6.948975399776078,1967.6655509306263,526.2355083333333,0.9259,22.2222,74.15008,17.072256790401827,172.99007,5.095918749344077,33.97742,63.33686,10.67088,5.38819,15,9.47715,0.6835220232729847,1.58446,0.5448,0.5454362021238609,1.65044,1.0652,0.5448,21.90857,4553.825,7.42153,193.76189,7.7860048063973055,18.70426,4.92769,37.80676,172.11369123301859,9687.548359845197,3.5878313941437057,43.49529427100785,1172.57721,9428.365262005173,87.95310917299582,70.36006,0.70332,103.37186343486799,66.80897,36.56451,3955.54817,336.22514,140,1099.4125272155186,0.26884346490166616,0.8163,120.29659153352391,8577.41202,1487.50885,108.32424579408028,62.1735,8.1452,2.34223,0.6841404833333334,1.223576427857004,7.69136,10.16555,1669.7565,41.62932,6.32401,1165.9203,7.89238,237.58945,28.463242072690104,12.63668,138.12128,11.15255323911596,3.3329288059127182,24.04287,8.12927,117.19116,19.06691,5.641915930968767,69.76159488780188,1.4242946358681448,0.3844999676573715,0.98317,2.87885,2.58743,44.27701,70.40487037478185,2.4082114296776616,4256.66462,3.6399996966798103,2.50751,55.31626,24.86735502583136,536.24402,3.7500001194678396,6.9686,9.19644,2.04611,6.590233939849692,1.4149629276559874,0.5736,2948.38369,1371.46172,2.7,14205.01011,8.58828,49.1633,8.21226,33.33206688552466,3.41481,,1.21681,2.0408,1.29877825,1.30192,6.257027624077648,31.53757275132274,1177.79492,5.17542,1692.6326,1,20.4376,1317.64322,2.14225,2.1445999999999996,16179.04126,95.51038,2.59482,439.30871,2.63616,0.6331700833333332,439.25729,79.84004,198.78482,8.258846520817567,3678.63992
2009,3.6725000570394957,50.80011,93.05884,363.48304,1.7638,77.76673,3.71939,1.2824614586211849,1.77,0.80376,1.40656,1.95647,67.67545,1.40506,0.37599994160231254,1201.30833,0.99993,1.454570539765063,6.88368,1.9999751669824597,0.9877,48.3319,7.151591320820067,2792.32712,1.92783,1.141550309459933,774.01429,1.086481295641893,559.6431867069375,6.8310131807581405,2157.656486247723,573.2879583333333,0.9259,22.2222,79.17074,19.062075243218768,172.47084,5.360422177723094,35.44135,70.90402,11.21622,5.50708,15,11.53385,0.7198188214499144,1.93975,0.64101,0.6416809383283844,1.66998,1.41389,0.64101,26.04546,4840.77775,8.01039,192.74521,7.751435825589996,18.55501,5.27042,39.04868,202.34140590651097,10408.720051688639,3.932773607393354,48.39809375997154,1139.67099,9854.934855108937,123.64604633467563,85.5905,0.70425,93.56203148798623,74.73711,42.96392,4080.83567,353.79735,139.57534,1277.616476905255,0.2878468743021259,0.81321,147.5570278550846,8339.194,1485.81427,114.92428677293917,67.77301,8.32668,2.47228,0.7193328500000001,1.254395883568485,8.03143,10.91631,1923.20293,43.95594,6.31771,1439.29827,7.84487,257.33613,31.95489670081899,12.6225,138.67166,13.503990302077902,3.525040813032847,26.73929,8.24392,148.26502,19.7123,6.28936352671973,77.4933276566619,1.6002262887114176,0.38450010206268237,0.98263,2.97032,2.62215,47.44368,81.72291198264419,3.121095983033422,4886.24907,3.640000137262995,3.03711,67.18426,31.84539727041609,557.85304,3.7499993709857287,7.21226,13.382,2.29218,7.655670278225409,1.4547283553625168,0.5736,3343.72701,1390.49644,2.70579,15224.27699,8.58472,45.53383,8.41632,34.34311773404605,4.14485,2.85,1.3274,1.98889,1.5468692500000003,1.55128,6.298381922152203,33.02274969786126,1303.72375,7.95039,2007.9386,1,22.19219,1463.81049,2.14266,2.1444684210526312,17489.98027,102.90964,2.6803,462.75689,2.63009,0.6492134083333332,462.88993,84.0606,200.75812,8.425976222609027,4977.20773
2010,3.6724996825029765,46.33928,102.11432,373.7114,1.78018,91.66367,3.90091,1.090038839056749,1.77996,0.80221,1.47617,1.96278,68.35008,1.47508,0.3759998987024633,1209.0383,1,1.363369313549419,6.87545,1.7599371843105844,0.99434,45.67711,6.79220772039362,2961.89271,1.93309,1.0301514279402717,879.09051,1.0428411809936105,510.27936576555413,6.77065566556901,1898.5693491131508,525.8292,0.9259,22.2222,80.68047,19.092327894722548,172.55828,5.622846975811406,36.3028,74.89039952362903,11.76987,5.58726,15,14.24737,0.7550021582897085,1.90587,0.64738,0.6474044386833023,1.7826,1.41664,0.64738,26.98839,5545.3963,7.92282,203.22844,7.768573532183555,18.54409,5.48829,39.05557,207.79764967757967,9086.839587071243,3.7327409354917456,45.710474601267975,1151.66247,10254.174214225533,122.21869842296381,85.55814,0.70397,87.81071764166687,76.19411,45.93926,4137.0183,370.9807,135,1155.8468476590572,0.286593311830924,0.80631,147.35572772673882,8131.03885,1486.82151,113.06219656297075,70.5929,7.21711,2.60017,0.7547979083333333,1.266880472222203,8.34995,12.17463,2066.91145,46.08746,6.31361,1350.84658,7.85152,271.55964,30.76241093586852,12.61837,148.18092,12.628658847403308,3.221108105866253,32.91632,7.0768,149.27274,20.97504,6.042789527228989,73.15702561436544,1.3877296400231167,0.38449992565748786,0.98296,2.8130412716344897,2.58265,43.65899674395481,85.19586416710207,3.015697439397714,4660.68326,3.639999384477606,3.16946,77.36886,30.367793856807314,573.30989,3.749999019218171,7.3976,10.93207,2.29821,7.204492445635689,1.3634993295227396,0.63073,3911.62263,1525.13367,2.71181,17992.53041,8.57903,45.4237,7.21231,31.73121062906782,4.37903,2.85,1.4537255860857168,1.91723,1.4989639166666668,1.50537,6.347386638273853,31.49195231408561,1419.56247,7.85211,2153.20649,1,20.289738072318013,1587.12186,4.20485,4.233055644793801,18921.26521,95.76789,2.44192,485.46116,2.65153,0.6550651583333333,486.17596,88.62332,216.12867,7.317293142830942,4727.69795
2011,3.6724998848243646,46.7397,99.0767,372.28803,1.78,93.54424,4.12135,0.9696923910801161,1.77989,0.78923,1.40586,1.96107,72.76455,1.40502,0.37599998318713973,1217.61436,1,1.257902343328634,6.85699,1.673076742993115,0.99527,46.55596,6.8413358944016265,5088.48014,1.94077,0.9893329162615155,908.75553,0.8880752270060777,483.70640287536816,6.461391175246445,1848.1997392108963,505.66426666666666,0.98092,22.2222,78.35539,17.693419605383614,174.69574,5.359333452872498,37.53918,72.86953620334029,11.66313,5.91569,15,16.79757,0.7193311101278083,1.78314,0.62355,0.6237553990813149,1.68604,1.53181,0.62355,27.26733,6833.70792,7.64964,203.24,7.783904991431148,18.54723,5.33369,39.6147,201.056676617804,8776.89601010889,3.5787342758429865,46.65376624460598,1158.33868,10616.307168210826,116.02335988218537,84.26944,0.70612,79.78623668174895,87.42397,46.10797,4019.72452,352.7188,135,1108.1328585946428,0.27600243130971674,0.80632,146.62998384891907,7920.42518,1491.26638,110.54313654176941,71.69986,7.1595,2.47717,0.7131907666666667,1.2242033090612652,8.0317,11.52335,1991.26381,43.89454,6.31585,1254.63014,7.87471,277.43197,28.735824564360428,14.26119,154.74937,12.436228731494767,3.059822288961105,28.72603,7.16184,154.26019,22.06187,5.606714087342851,74.57354880042372,1.2656395692306133,0.38450008692205695,0.9826,2.7543852593360287,2.27242,43.315705586771266,86.32731395573705,2.9634798680914334,4100.6554,3.640000589726713,3.04455,72.93516,29.39204201138095,590.2859,3.7499996558821826,7.01418,11.68296,2.63545,6.494029998995483,1.2577945220571627,0.62218,4288.20036,1576.84079,3.20711,17512.50548,8.70941,47.24246,7.17235,30.491842501058716,4.60877,2.85,1.4073836169550924,1.75087,1.6716575833333334,1.6774,6.399737693537985,29.3895599274867,1563.35403,7.88698,2492.07008,1,19.29961248144093,1715.80844,4.28968,4.289337499999998,20453.64959,89.88063,2.27265,462.13888,2.67808,0.6336994166666666,462.50606,84.64424,213.3657,7.261452485421404,4791.27186
2012,3.6724998784486544,50.88628,106.24928,401.58284,1.78,95.13369,4.53556,0.9655519247685004,1.7799,0.78515,1.52185,1.95711,80.56517,1.51984,0.37600001629450036,1385.06265,1,1.2496519407303133,6.82521,1.9530282163935142,0.99499,53.32192,7.619698231133452,8298.19415,1.90641,0.9994488095445258,904.53425,0.9376123879591468,486.3019686763255,6.310839045519754,1796.8960990185199,502.90144166666664,1,22.2222,84.88648,19.575655607201174,177.36946,5.792411329298987,38.66193,77.57683319728092,11.71072,6.03247,15,17.58435,0.7781707256251384,1.77926,0.63102,0.630933318345793,1.65126,1.83726,0.63102,30.26262,7033.29044,7.68406,200.63738,7.756849182285424,18.9323,5.83737,40.86737,225.0612730712569,9383.502488121592,3.85560542399868,53.40846942926274,1150.56429,12175.549328101164,125.08278707974803,86.97791,0.70614,79.81503943913502,83.20525,46.9666,3991.12481,382.65351,135,1126.5665808266003,0.27997220665601585,0.80764,149.11535707159558,7880.7177,1486.73863,127.51633702212713,73.1912,8.09267,2.67969,0.7781330249999999,1.2616464540289305,8.55109,11.87846,2161.5877,47.5664,620.88897,1351.52984,7.83287,291.93955,30.045345580668705,15.21039,241.91322,13.151992991011532,3.087853524726833,27.93173,8.09453,157.53689,23.14636,5.81680697555463,85.38927037464815,1.234455932932135,0.38450008611032765,0.9812,2.6369135826474817,1.97567,42.22493813109693,93.39058282862523,3.256720026608963,4331.05891,3.640000381582811,3.46671,87.5502,31.066049985551142,598.98442,3.749999499870809,6.75895,13.01111,3.50975,6.772416483586613,1.2492637144376053,0.63137,4306.56557,1583.87803,3.25,18957.88852,8.59938,62.37816,8.10915,31.07644141368166,4.76221,2.85,1.5618515536060438,1.73428,1.79160375,1.79955,6.403343482535621,29.553979800167415,1562.43754,7.97582,2469.5518,1,20.308338766580185,1892.39964,4.2873,4.289344621212119,20692.73689,90.52604,2.26293,503.07358,2.6882,0.6529865749999999,503.06823,91.86272,213.931,8.210574736787652,5066.36505
2013,3.6725006747912907,55.39797,103.81396,409.61992,1.78,96.17062,5.45787,1.0356470913598226,1.7802,0.78407,1.47314,1.94877,76.81876,1.47124,0.37600003792713893,1529.38981,1,1.2512127754194067,6.80881,2.156189297005913,0.99507,58.51345,8.396654731503315,8849.51049,1.95554,1.0300285035923693,905.61698,0.9269134433591389,495.21059261030337,6.191289772064831,1868.9329882883528,499.7668250000001,1,22.2222,81.94585,19.56975576837786,175.89333,5.617341657246258,41.15638,79.37762984636443,11.713,6.83594,15,18.52079,0.7532204125375759,1.82089,0.63961,0.6396842468332934,1.66342,2.05081,0.63961,33.16417,6939.00595,7.71407,200,7.756471820934913,19.73124,5.69895,41.98803,223.72717849455026,10460.011547280954,3.610348751704368,58.56613674819001,1147.8631,18427.46776415716,122.19031049839681,98.16254,0.70594,97.59118778449279,84.76007,48.39863,3961.88789,369.81999,135,1094.6230734212586,0.2835875589026184,0.80974,152.13829636875116,7716.974,1487.48789,129.06562843090884,76.06967,9.63452,2.59227,0.7532564750000001,1.2716885369965156,8.32865,12.32419,2180.46241,46.16272,917.43785,1506.26466,7.83944,291.21565,30.70025272616866,15.19256,355.93013,12.766423656576004,3.1508550050363913,29.77495,9.63452,157.70972,24.26589,5.875101213530345,93.61452838049372,1.2190919791716137,0.38449998634489746,0.98181,2.700791664697927,2.22129,42.437593368651655,101.63110234188132,3.1606762168829516,4219.48058,3.6400006070679005,3.32448,84.75353,31.84691655137119,638.55996,3.7499995729000957,7.16774,11.36832,4.53548,6.513109277535819,1.2510125443573352,0.64003,4278.2411,1374.64989,3.25,18184.00877,8.57288,101.4898,9.63457,30.72340560780388,4.76343,2.85,1.624836312559428,1.78869,1.9045290833333333,1.90385,6.41518763444704,29.67723520923521,1583.59375,8.05238,2555.09488,1,20.47091137237861,2101.27564,6.05772,6.065554186602871,20878.35479,92.68074,2.2691,494.06448,2.6882,0.6580964333333333,494.09438,89.76699,214.53274,9.653489437850375,5175.69775
2014,3.6725003767020805,56.24462,101.00165,404.9,1.78,97.368,6.56392,1.1093337627696325,1.77978,0.784,1.43284,1.94344,76.37358,1.43028,0.37600002183099485,1529.14923,1,1.2670314672942664,6.76372,2.3535313170545904,0.99486,62.04682,8.97463472597755,9514.32231,1.95343,1.104749729601275,906.826,0.9151814422771459,570.2872075352783,6.142512344735355,2000.5923518459142,538.3172083333333,1,22.2222,80.69169,20.758552408608637,177.31154,5.619161919112319,42.22549,80.53217701349361,11.713,6.93696,15,18.92578,0.7537958776818274,1.87005,0.60751,0.6074431915062309,1.74125,2.34648,0.60751,37.49431,6895.74923,7.71853,200,7.7545041302751825,19.82086,5.58442,42.77085,232.60627190692483,11869.37685443023,3.57796449668175,61.03751736092925,1157.63615,25913.962965136103,116.69758504156228,100.10111,0.70488,105.86911230238196,85.42727,49.164,3941.93308,359.70962,135,1053.1342785163897,0.2845491186169503,0.8187,179.1787658431605,7890.35,1480.15615,130.55962909825877,81.21154,10.63838,2.51297,0.7536951416666665,1.2721461684933864,8.12764,12.81139,2218.01462,44.6936,969.20077,1648.92308,7.84083,286.78031,30.622222900286264,15.24775,421.64138,13.307871234583786,3.2731078475406647,29.71231,10.63838,157.68969,24.92278,6.302560822927968,97.64376889911993,1.2058598778795557,0.3844999174525901,0.98199,2.837564935849203,2.45572,44.39825088014765,101.08518994065979,3.154243331084512,4510.65308,3.6399997366245027,3.2973,84.03452,38.539194260769236,665.53408,3.750000791454171,7.326,11.33087,5.66655,6.8591439944676,1.2671135794777688,0.60756,4286.61538,1091.96077,3.25,17880.92308,8.57428,139.70769,10.63838,32.484474762930795,4.7736,2.85,1.6967879651768223,1.85732,2.1890096666666667,2.16725,6.385499220468186,30.305824536087695,1564.98308,8.13698,2489.73308,1,23.217950809124847,2197.15,6.28845,6.284199999999999,20898.06923,95.28462,2.2691,480.60662,2.6882,0.6583384916666667,480.608,87.35185,214.78515,10.850152773818243,5176.2
2015,3.6725000862434896,,,,,,,1.331198406290052,,,,,,,0.37599987940583496,,,1.3749108924106392,,3.328372736265209,,,10.131085725341174,,,1.2788877927084306,,0.9626855824539867,654.1258071947685,6.232581725908193,2741.9967363696637,534.5657833333333,,,,24.601114611386617,,6.725253569948934,,100.43694094340485,,,,,0.901622000506478,,,0.6543631510492851,,,,,,,,7.75238624981013,,,,279.3137838692833,13391.27200415158,3.8873064808999076,64.13453476353574,,29011.486221801435,131.91868608138589,,,121.03727277469358,,,,,,1131.2611093533558,0.3008622225260675,,222.65752210197738,,,135.86283713063827,,,,0.9014516499999999,1.3812862215675874,,,,,,,,,35.04885984599475,,,15.867647462218239,3.9073006134406527,,,,,8.065856612197868,102.58447630991505,1.4339953927041584,0.38450003611030126,,3.1826276297258764,,45.50563949216303,102.7691804257736,3.7711907015491035,,3.639999725528631,,,61.39256100703727,,3.7500002471091913,,,,8.429202130392884,1.374935983339455,,,,,,,,,34.251787568558846,,,1.9614010070554009,,2.7229658333333333,,6.353067987587571,31.750446722867775,,,,1,27.282647494850295,,,6.284199999999999,,,,,,0.714766275,,,,12.760109876147231
2016,3.672500492509887,,,,,,,1.3450960257695803,,,,,,,0.3760000532578916,,,1.3813450158534921,,3.4914724651588362,,,10.892271739746159,,,1.3256663585581012,,0.985317540599627,676.7706481895297,6.643101565142129,3054.121628823117,544.7393666666667,,,,24.43664804701888,,6.731044491072332,,109.45542721731705,,,,,0.9040412506588994,,,0.7406741421642477,,,,,,,,7.762199051342125,,,,281.4785159944004,13304.826315809187,3.8404921957238862,67.19624658879788,,30914.861857501513,120.81156215507997,,,108.77788617230601,,,,,,1160.4438920433358,0.30216734147938634,,341.95700657151906,,,145.5865537999646,,,,0.9042815249999999,1.3903848842014845,,,,,,,,,35.54035941700606,,,18.684790377705554,4.145778466367168,,,,,8.399238753295561,107.46757142201908,1.4364835534668547,0.38450003283715617,,3.372733706172197,,47.49291054492821,104.76999464843328,3.9448071699790535,,3.639999824485353,,,67.1279452703123,,3.749999813742597,,,,8.556338153573572,1.3813217003678773,,,,,,,,,35.28800237106436,,,2.146907255043693,,3.0224568333333335,,6.639921854256588,32.23738789909557,,,,1,30.11778690641135,,,9.252939039855068,,,,,,0.7196989916666666,,,,14.705580298895882
2017,3.672499382067818,,,,,,,1.3048076691364348,,,,,,,0.37599995150479265,,,1.3808912073762067,,3.190285920707735,,,10.345951925738254,,,1.2978630800736257,,0.9849698074332053,648.7551167108236,6.758906966399504,2951.2667942515673,567.5130833333334,,,,23.373094679466075,,6.600828764389363,,111.00750128805124,,,,,0.8873921659044646,,,0.7766930900679502,,,,,,,,7.79222696805832,,,,274.40163088671164,13380.69575796187,3.600109150613239,65.1214334262926,,33226.271652809366,106.85930481207724,,,112.18742348952493,,,,,,1131.1769062732344,0.3033328157348119,,326.0779465926035,,,152.4375847260877,,,,0.8871071833333334,1.3939079048047434,,,,,,,,,34.48518203468296,,,18.919322895860702,4.300845532367986,,,,,8.268915412635565,104.21162822273241,1.4076229734862329,0.38450001980400694,,3.258866216636966,,50.40744738000152,105.45773550316892,3.7777000816715307,,3.639999417410477,,,58.30598270634456,,3.749999461434713,,,,8.546413573250485,1.3810011645194307,,,,,,,,,33.94072573253063,,,2.4191494373357423,,3.6485704166666664,,6.7537833929154045,30.411741456738024,,,,1,28.65430657487821,,,9.974999999999996,,,,,,0.7212232166666667,,,,13.320675074769335
2018,3.6724998783155147,,,,,,,1.3384148817506085,,,,,,,0.37600004593616804,,,1.3489185528482281,,3.6530231747931228,,,10.199300685757139,,,1.2960302215856403,,0.9780589607727856,641.2769366355141,6.6148693720983,2955.7043214601367,576.9725000000001,,,,21.727330673634658,,6.313959143706022,,116.6172695163022,,,,,0.8471384790302287,,,0.7495608472281524,,,,,,,,7.837103747079051,,,,270.1982915180077,14238.22076242928,3.594884600642571,68.39817593520378,,40864.32530865458,108.3223741754319,,,110.43585022282406,,,,,,1099.9560193896405,0.30195651373867954,,344.9250588183689,,,162.51046902388103,,,,0.8473244999999999,1.3651073595580892,,,,,,,,,33.933781429662865,,,19.23409182313572,4.034591286467582,,,,,8.133841872258122,109.43318853458977,1.4457438262857278,0.3844999999295818,,3.284811137250566,,52.66577475866621,121.75464489579156,3.610789524724277,,3.639998842138759,,,62.702111901866736,,3.7499993848241098,,,,8.690199671450172,1.3488199778555254,,,,,,,,,32.313805412073926,,,2.6448605029635233,,4.83966475,,6.756849013381699,30.134715513806473,,,,1,30.70375561823849,,,43914.87823592851,,,,,,0.70645245,,,,13.24299215786364
2019,3.672500019627702,,,,,,,1.4385935244602626,,,,,,,0.37599996835512517,,,1.3642186668453433,,3.9428967217177338,,,10.756349710900073,,,1.3267573032317144,,0.9936914399491985,702.8973431395597,6.907813594056402,3280.8318790736284,587.2945916666667,,,,22.93183962540033,,6.669166271627744,,119.3637349771174,,,,,0.8932406473973163,,,0.7835225233229407,,,,,,,,7.835099518588137,,,,290.6753009731999,14149.10244674004,3.5644959668017706,70.42953951219882,,41999.945153247776,122.612945039985,,,109.02643964649447,,,,,,1165.063461931288,0.3036111678747899,,377.3997296795227,,,178.59107216274268,,,,0.8933483583333333,1.3870659221807422,,,,,,,,,35.473434350083096,,,19.249121239537942,4.142394779619398,,,,,8.798653673635167,112.6245394611868,1.5182212182450747,0.3845000258468411,,3.334666781035533,,51.792146712963664,138.80535208321768,3.8395992472427416,,3.6399998908121307,,,64.66806803076825,,3.7500002323351325,,,,9.456098271236302,1.3640875828896943,,,,,,,,,31.052092416223587,,,3.008185552840931,,5.67649475,,6.754326756578364,30.89911884509253,,,,1,35.240967748961516,,,13287.078071889477,,,,,,0.718973225,,,,14.449383496026451
2020,3.6724995251861223,,,,,,,1.4536839417725214,,,,,,,,,,1.37970320579939,,5.155849799536,,,11.460576354378867,,,1.3413110817161142,,0.9388479871111332,792.7271157054209,6.902007391960975,3694.853783751594,584.9008500000001,,,,23.21607197601477,,6.541370708706772,,126.7448055016971,,,,,0.8774952070130193,,,0.7798556999385374,,,,,,,,7.756032608288398,,,,307.99129166666665,14582.203333333331,3.443919283835028,74.11264665257495,,,135.38213333333331,,,106.76450628709397,,,,,,1180.2240339018044,0.30623319072300687,,,,,185.2800897920306,,,,0.877541575,,,,,,,,,,39.352450573780295,,,21.50528136506787,4.203301788091948,,,,,9.41588201993331,,1.542408138829763,0.3844999600081859,,3.492776159347011,,49.624266793906486,,3.899602638802477,,3.639999858621664,,,72.2079826772967,,3.7500000139802965,,,,9.212242095212826,1.3798123080815836,,,,,,,,,31.304904204316983,,,,,7.016607416666666,,6.75105301631028,29.44751657236526,,,,1,42.018839515605805,,,314047.6320306124,,,,,,,,,,16.4436389319339
2021,3.672499353781486,,,,,,,1.2957318791121322,,,,,,,,,,1.3326276855541388,,5.501489441074102,,,10.954595988234388,,,1.2628399897994924,,0.9094457740468647,720.0609792032956,6.490785302113286,3578.3109220213223,611.4184,,,,21.63610461343808,,6.182583903752171,,133.0411384175159,,,,,0.831384815634042,,,0.7248322515646383,,,,,,,,7.760528823230285,,,,299.44183333333336,14052,3.2710868218669185,73.29092557887691,,,128.02603333333334,,,106.71149359634168,,,,,,1114.7799738695373,0.3022667377254044,,,,,194.7785666345104,,,,0.8296439000000001,,,,,,,,,,40.13776259314922,,,20.262325226958453,4.079305139787266,,,,,8.48744156679889,,1.394563224461566,0.38449987919344886,,3.666288321282701,,48.329188762534116,,3.7811132148682445,,3.6399994222630236,,,74.89143674060138,,3.749999580496067,,,,8.420852494313571,1.3327758273238541,,,,,,,,,30.536974274513888,,,,,7.385031666666666,,6.758811018033132,28.1392973295344,,,,1,43.359530207587,,,1843058.5809286796,,,,,,,,,,14.820970580064436
